index,Name,Status
1,220001018,Present
2,220001056,Present
3,220001036,Present
4,220001082,Present
5,220001010,Present
6,220001015,Present
7,220001049,Present
8,220001038,Present
9,220001015,Present
10,220001065,Present
11,220001035,Present
12,220001014,Present
13,220001009,Present
14,220001063,Present
15,220001011,Present
16,220001054,Present
17,220001053,Present
18,220001069,Present
19,220001073,Present
20,220001008,Present
21,220001038,Present
22,220001081,Present
23,220001023,Present
24,220001034,Present
25,220001044,Present
26,220001067,Present
27,220001038,Present
